coordinate,license,license_files,upstream
androidx.activity:activity:1.8.2,Apache-2.0,LICENSE,https://www.apache.org/licenses/LICENSE-2.0
androidx.annotation:annotation:1.9.1,Apache-2.0,LICENSE,https://www.apache.org/licenses/LICENSE-2.0
androidx.annotation:annotation-experimental:1.4.1,Apache-2.0,LICENSE,https://www.apache.org/licenses/LICENSE-2.0
androidx.annotation:annotation-jvm:1.9.1,Apache-2.0,LICENSE,https://www.apache.org/licenses/LICENSE-2.0
androidx.appcompat:appcompat:1.6.1,Apache-2.0,LICENSE,https://www.apache.org/licenses/LICENSE-2.0
androidx.appcompat:appcompat-resources:1.6.1,Apache-2.0,LICENSE,https://www.apache.org/licenses/LICENSE-2.0
androidx.arch.core:core-common:2.2.0,Apache-2.0,LICENSE,https://www.apache.org/licenses/LICENSE-2.0
androidx.arch.core:core-runtime:2.2.0,Apache-2.0,LICENSE,https://www.apache.org/licenses/LICENSE-2.0
androidx.asynclayoutinflater:asynclayoutinflater:1.0.0,Apache-2.0,LICENSE,https://www.apache.org/licenses/LICENSE-2.0
androidx.cardview:cardview:1.0.0,Apache-2.0,LICENSE,https://www.apache.org/licenses/LICENSE-2.0
androidx.collection:collection:1.5.0,Apache-2.0,LICENSE,https://www.apache.org/licenses/LICENSE-2.0
androidx.collection:collection-jvm:1.5.0,Apache-2.0,LICENSE,https://www.apache.org/licenses/LICENSE-2.0
androidx.concurrent:concurrent-futures:1.2.0,Apache-2.0,LICENSE,https://www.apache.org/licenses/LICENSE-2.0
androidx.coordinatorlayout:coordinatorlayout:1.0.0,Apache-2.0,LICENSE,https://www.apache.org/licenses/LICENSE-2.0
androidx.core:core:1.16.0,Apache-2.0,LICENSE,https://www.apache.org/licenses/LICENSE-2.0
androidx.core:core-ktx:1.16.0,Apache-2.0,LICENSE,https://www.apache.org/licenses/LICENSE-2.0
androidx.core:core-viewtree:1.0.0,Apache-2.0,LICENSE,https://www.apache.org/licenses/LICENSE-2.0
androidx.cursoradapter:cursoradapter:1.0.0,Apache-2.0,LICENSE,https://www.apache.org/licenses/LICENSE-2.0
androidx.customview:customview:1.0.0,Apache-2.0,LICENSE,https://www.apache.org/licenses/LICENSE-2.0
androidx.customview:customview-poolingcontainer:1.0.0,Apache-2.0,LICENSE,https://www.apache.org/licenses/LICENSE-2.0
androidx.documentfile:documentfile:1.0.0,Apache-2.0,LICENSE,https://www.apache.org/licenses/LICENSE-2.0
androidx.drawerlayout:drawerlayout:1.0.0,Apache-2.0,LICENSE,https://www.apache.org/licenses/LICENSE-2.0
androidx.dynamicanimation:dynamicanimation:1.0.0,Apache-2.0,LICENSE,https://www.apache.org/licenses/LICENSE-2.0
androidx.emoji2:emoji2:1.4.0,Apache-2.0,LICENSE,https://www.apache.org/licenses/LICENSE-2.0
androidx.emoji2:emoji2-views-helper:1.4.0,Apache-2.0,LICENSE,https://www.apache.org/licenses/LICENSE-2.0
androidx.exifinterface:exifinterface:1.3.6,Apache-2.0,LICENSE,https://www.apache.org/licenses/LICENSE-2.0
androidx.fragment:fragment:1.3.6,Apache-2.0,LICENSE,https://www.apache.org/licenses/LICENSE-2.0
androidx.interpolator:interpolator:1.0.0,Apache-2.0,LICENSE,https://www.apache.org/licenses/LICENSE-2.0
androidx.leanback:leanback:1.0.0,Apache-2.0,LICENSE,https://www.apache.org/licenses/LICENSE-2.0
androidx.legacy:legacy-support-core-ui:1.0.0,Apache-2.0,LICENSE,https://www.apache.org/licenses/LICENSE-2.0
androidx.legacy:legacy-support-core-utils:1.0.0,Apache-2.0,LICENSE,https://www.apache.org/licenses/LICENSE-2.0
androidx.legacy:legacy-support-v4:1.0.0,Apache-2.0,LICENSE,https://www.apache.org/licenses/LICENSE-2.0
androidx.lifecycle:lifecycle-common:2.9.4,Apache-2.0,LICENSE,https://www.apache.org/licenses/LICENSE-2.0
androidx.lifecycle:lifecycle-common-jvm:2.9.4,Apache-2.0,LICENSE,https://www.apache.org/licenses/LICENSE-2.0
androidx.lifecycle:lifecycle-livedata:2.9.4,Apache-2.0,LICENSE,https://www.apache.org/licenses/LICENSE-2.0
androidx.lifecycle:lifecycle-livedata-core:2.9.4,Apache-2.0,LICENSE,https://www.apache.org/licenses/LICENSE-2.0
androidx.lifecycle:lifecycle-livedata-core-ktx:2.9.4,Apache-2.0,LICENSE,https://www.apache.org/licenses/LICENSE-2.0
androidx.lifecycle:lifecycle-process:2.9.4,Apache-2.0,LICENSE,https://www.apache.org/licenses/LICENSE-2.0
androidx.lifecycle:lifecycle-runtime:2.9.4,Apache-2.0,LICENSE,https://www.apache.org/licenses/LICENSE-2.0
androidx.lifecycle:lifecycle-runtime-android:2.9.4,Apache-2.0,LICENSE,https://www.apache.org/licenses/LICENSE-2.0
androidx.lifecycle:lifecycle-viewmodel:2.9.4,Apache-2.0,LICENSE,https://www.apache.org/licenses/LICENSE-2.0
androidx.lifecycle:lifecycle-viewmodel-android:2.9.4,Apache-2.0,LICENSE,https://www.apache.org/licenses/LICENSE-2.0
androidx.lifecycle:lifecycle-viewmodel-savedstate:2.9.4,Apache-2.0,LICENSE,https://www.apache.org/licenses/LICENSE-2.0
androidx.lifecycle:lifecycle-viewmodel-savedstate-android:2.9.4,Apache-2.0,LICENSE,https://www.apache.org/licenses/LICENSE-2.0
androidx.loader:loader:1.0.0,Apache-2.0,LICENSE,https://www.apache.org/licenses/LICENSE-2.0
androidx.localbroadcastmanager:localbroadcastmanager:1.0.0,Apache-2.0,LICENSE,https://www.apache.org/licenses/LICENSE-2.0
androidx.media:media:1.7.0,Apache-2.0,LICENSE,https://www.apache.org/licenses/LICENSE-2.0
androidx.media3:media3-common:1.11.0,Apache-2.0,LICENSE,https://www.apache.org/licenses/LICENSE-2.0
androidx.media3:media3-container:1.11.0,Apache-2.0,LICENSE,https://www.apache.org/licenses/LICENSE-2.0
androidx.media3:media3-database:1.11.0,Apache-2.0,LICENSE,https://www.apache.org/licenses/LICENSE-2.0
androidx.media3:media3-datasource:1.11.0,Apache-2.0,LICENSE,https://www.apache.org/licenses/LICENSE-2.0
androidx.media3:media3-decoder:1.11.0,Apache-2.0,LICENSE,https://www.apache.org/licenses/LICENSE-2.0
androidx.media3:media3-exoplayer:1.11.0,Apache-2.0,LICENSE,https://www.apache.org/licenses/LICENSE-2.0
androidx.media3:media3-exoplayer-dash:1.11.0,Apache-2.0,LICENSE,https://www.apache.org/licenses/LICENSE-2.0
androidx.media3:media3-exoplayer-hls:1.11.0,Apache-2.0,LICENSE,https://www.apache.org/licenses/LICENSE-2.0
androidx.media3:media3-exoplayer-rtsp:1.11.0,Apache-2.0,LICENSE,https://www.apache.org/licenses/LICENSE-2.0
androidx.media3:media3-exoplayer-smoothstreaming:1.11.0,Apache-2.0,LICENSE,https://www.apache.org/licenses/LICENSE-2.0
androidx.media3:media3-extractor:1.11.0,Apache-2.0,LICENSE,https://www.apache.org/licenses/LICENSE-2.0
androidx.media3:media3-ui:1.11.0,Apache-2.0,LICENSE,https://www.apache.org/licenses/LICENSE-2.0
androidx.preference:preference:1.1.1,Apache-2.0,LICENSE,https://www.apache.org/licenses/LICENSE-2.0
androidx.print:print:1.0.0,Apache-2.0,LICENSE,https://www.apache.org/licenses/LICENSE-2.0
androidx.profileinstaller:profileinstaller:1.4.0,Apache-2.0,LICENSE,https://www.apache.org/licenses/LICENSE-2.0
androidx.recyclerview:recyclerview:1.3.0,Apache-2.0,LICENSE,https://www.apache.org/licenses/LICENSE-2.0
androidx.resourceinspection:resourceinspection-annotation:1.0.1,Apache-2.0,LICENSE,https://www.apache.org/licenses/LICENSE-2.0
androidx.savedstate:savedstate:1.3.2,Apache-2.0,LICENSE,https://www.apache.org/licenses/LICENSE-2.0
androidx.savedstate:savedstate-android:1.3.2,Apache-2.0,LICENSE,https://www.apache.org/licenses/LICENSE-2.0
androidx.slidingpanelayout:slidingpanelayout:1.0.0,Apache-2.0,LICENSE,https://www.apache.org/licenses/LICENSE-2.0
androidx.startup:startup-runtime:1.1.1,Apache-2.0,LICENSE,https://www.apache.org/licenses/LICENSE-2.0
androidx.swiperefreshlayout:swiperefreshlayout:1.0.0,Apache-2.0,LICENSE,https://www.apache.org/licenses/LICENSE-2.0
androidx.tracing:tracing:1.2.0,Apache-2.0,LICENSE,https://www.apache.org/licenses/LICENSE-2.0
androidx.transition:transition:1.6.0,Apache-2.0,LICENSE,https://www.apache.org/licenses/LICENSE-2.0
androidx.vectordrawable:vectordrawable:1.1.0,Apache-2.0,LICENSE,https://www.apache.org/licenses/LICENSE-2.0
androidx.vectordrawable:vectordrawable-animated:1.1.0,Apache-2.0,LICENSE,https://www.apache.org/licenses/LICENSE-2.0
androidx.versionedparcelable:versionedparcelable:1.1.1,Apache-2.0,LICENSE,https://www.apache.org/licenses/LICENSE-2.0
androidx.viewpager:viewpager:1.0.0,Apache-2.0,LICENSE,https://www.apache.org/licenses/LICENSE-2.0
com.badlogicgames.gdx:gdx:1.9.14,Apache-2.0,LICENSE,https://www.apache.org/licenses/LICENSE-2.0
com.badlogicgames.gdx:gdx-backend-android:1.9.14,Apache-2.0,LICENSE,https://www.apache.org/licenses/LICENSE-2.0
com.github.bumptech.glide:glide:3.8.0,BSD-3-Clause AND bundled third-party terms,third_party/licenses/Glide-3.8.0.txt,https://github.com/bumptech/glide/blob/v3.8.0/LICENSE
com.github.rahatarmanahmed:circularprogressview:2.4.0,MIT,third_party/licenses/MIT.txt,https://spdx.org/licenses/MIT.html
com.github.tony19:apktool-lib:1.4.4-3,Apache-2.0,LICENSE,https://www.apache.org/licenses/LICENSE-2.0
com.github.tony19:logback-android-classic:1.1.1-6,EPL-1.0 OR LGPL-2.1-or-later,third_party/licenses/EPL-1.0.txt;third_party/licenses/LGPL-2.1.txt,https://github.com/tony19/logback-android
com.github.tony19:logback-android-core:1.1.1-6,EPL-1.0 OR LGPL-2.1-or-later,third_party/licenses/EPL-1.0.txt;third_party/licenses/LGPL-2.1.txt,https://github.com/tony19/logback-android
com.google.android.exoplayer:exoplayer-common:2.18.1,Apache-2.0,LICENSE,https://www.apache.org/licenses/LICENSE-2.0
com.google.android.exoplayer:exoplayer-core:2.18.1,Apache-2.0,LICENSE,https://www.apache.org/licenses/LICENSE-2.0
com.google.android.exoplayer:exoplayer-dash:2.18.1,Apache-2.0,LICENSE,https://www.apache.org/licenses/LICENSE-2.0
com.google.android.exoplayer:exoplayer-database:2.18.1,Apache-2.0,LICENSE,https://www.apache.org/licenses/LICENSE-2.0
com.google.android.exoplayer:exoplayer-datasource:2.18.1,Apache-2.0,LICENSE,https://www.apache.org/licenses/LICENSE-2.0
com.google.android.exoplayer:exoplayer-decoder:2.18.1,Apache-2.0,LICENSE,https://www.apache.org/licenses/LICENSE-2.0
com.google.android.exoplayer:exoplayer-extractor:2.18.1,Apache-2.0,LICENSE,https://www.apache.org/licenses/LICENSE-2.0
com.google.android.exoplayer:exoplayer-hls:2.18.1,Apache-2.0,LICENSE,https://www.apache.org/licenses/LICENSE-2.0
com.google.android.exoplayer:exoplayer-rtsp:2.18.1,Apache-2.0,LICENSE,https://www.apache.org/licenses/LICENSE-2.0
com.google.android.exoplayer:exoplayer-smoothstreaming:2.18.1,Apache-2.0,LICENSE,https://www.apache.org/licenses/LICENSE-2.0
com.google.android.exoplayer:exoplayer-transformer:2.18.1,Apache-2.0,LICENSE,https://www.apache.org/licenses/LICENSE-2.0
com.google.android.exoplayer:exoplayer-ui:2.18.1,Apache-2.0,LICENSE,https://www.apache.org/licenses/LICENSE-2.0
com.google.code.findbugs:jsr305:3.0.2,BSD-3-Clause,third_party/licenses/BSD-3-Clause.txt,https://spdx.org/licenses/BSD-3-Clause.html
com.google.errorprone:error_prone_annotations:2.28.0,Apache-2.0,LICENSE,https://www.apache.org/licenses/LICENSE-2.0
com.google.guava:failureaccess:1.0.2,Apache-2.0,LICENSE,https://www.apache.org/licenses/LICENSE-2.0
com.google.guava:guava:33.3.1-android,Apache-2.0,LICENSE,https://www.apache.org/licenses/LICENSE-2.0
com.google.guava:listenablefuture:9999.0-empty-to-avoid-conflict-with-guava,Apache-2.0,LICENSE,https://www.apache.org/licenses/LICENSE-2.0
com.google.j2objc:j2objc-annotations:3.0.0,Apache-2.0,LICENSE,https://www.apache.org/licenses/LICENSE-2.0
com.hierynomus:asn-one:0.6.0,Apache-2.0,LICENSE,https://www.apache.org/licenses/LICENSE-2.0
com.hierynomus:smbj:0.13.0,Apache-2.0,LICENSE,https://www.apache.org/licenses/LICENSE-2.0
com.jcraft:jzlib:1.1.3,BSD-style-JCraft,third_party/licenses/JCraft-JZlib.txt,http://www.jcraft.com/jzlib/LICENSE.txt
io.github.carguo:gsyvideoplayer-androidvideocache:13.1.0,Apache-2.0,LICENSE,https://www.apache.org/licenses/LICENSE-2.0
io.github.carguo:gsyvideoplayer-base:13.1.0,Apache-2.0,LICENSE,https://www.apache.org/licenses/LICENSE-2.0
io.github.carguo:gsyvideoplayer-exo2:13.1.0,Apache-2.0,LICENSE,https://www.apache.org/licenses/LICENSE-2.0
io.github.carguo:gsyvideoplayer-java:13.1.0,Apache-2.0,LICENSE,https://www.apache.org/licenses/LICENSE-2.0
net.engio:mbassador:1.3.0,MIT,third_party/licenses/MIT.txt,https://spdx.org/licenses/MIT.html
org.bouncycastle:bcprov-jdk18on:1.75,Bouncy-Castle,third_party/licenses/Bouncy-Castle.txt,https://www.bouncycastle.org/about/license.html
org.checkerframework:checker-qual:3.43.0,MIT,third_party/licenses/MIT.txt,https://spdx.org/licenses/MIT.html
org.jetbrains:annotations:23.0.0,Apache-2.0,LICENSE,https://www.apache.org/licenses/LICENSE-2.0
org.jetbrains.kotlin:kotlin-stdlib:2.2.10,Apache-2.0,LICENSE,https://www.apache.org/licenses/LICENSE-2.0
org.jetbrains.kotlinx:kotlinx-coroutines-android:1.9.0,Apache-2.0,LICENSE,https://www.apache.org/licenses/LICENSE-2.0
org.jetbrains.kotlinx:kotlinx-coroutines-bom:1.9.0,Apache-2.0,LICENSE,https://www.apache.org/licenses/LICENSE-2.0
org.jetbrains.kotlinx:kotlinx-coroutines-core:1.9.0,Apache-2.0,LICENSE,https://www.apache.org/licenses/LICENSE-2.0
org.jetbrains.kotlinx:kotlinx-coroutines-core-jvm:1.9.0,Apache-2.0,LICENSE,https://www.apache.org/licenses/LICENSE-2.0
org.jetbrains.kotlinx:kotlinx-serialization-bom:1.7.3,Apache-2.0,LICENSE,https://www.apache.org/licenses/LICENSE-2.0
org.jetbrains.kotlinx:kotlinx-serialization-core:1.7.3,Apache-2.0,LICENSE,https://www.apache.org/licenses/LICENSE-2.0
org.jetbrains.kotlinx:kotlinx-serialization-core-jvm:1.7.3,Apache-2.0,LICENSE,https://www.apache.org/licenses/LICENSE-2.0
org.jspecify:jspecify:1.0.0,Apache-2.0,LICENSE,https://www.apache.org/licenses/LICENSE-2.0
org.nanohttpd:nanohttpd:2.2.0,BSD-3-Clause,third_party/licenses/BSD-3-Clause.txt,https://spdx.org/licenses/BSD-3-Clause.html
org.slf4j:slf4j-api:1.7.6,MIT,third_party/licenses/MIT.txt,https://spdx.org/licenses/MIT.html
